r0,welfare_efficiency
5.0,0.7581696701621656
5.0,0.7616855759184152
5.0,0.6639706136185696
5.0,-0.08020109995446953
5.0,-0.06865334015455916
5.0,-0.05096946804500543
5.0,-0.03205409274093006
5.0,-0.01268507335922132
5.0,0.006900000000000001
5.0,0.7781696701621658
5.0,0.7816855759184154
5.0,0.6839706136185696
5.0,-0.06020109995446956
5.0,-0.0486533401545592
5.0,-0.030969468045005468
5.0,-0.012054092740930097
5.0,0.007314926640778642
5.0,0.7981696701621659
5.0,0.8016855759184156
5.0,0.7039706136185697
5.0,-0.0402010999544696
5.0,-0.02865334015455924
5.0,-0.010969468045005504
5.0,0.007945907259069865
5.0,0.8181696701621661
5.0,0.8216855759184157
5.0,0.7239706136185698
5.0,-0.02020109995446964
5.0,-0.008653340154559278
5.0,0.009030531954994456
5.0,0.8381696701621661
5.0,0.8416855759184158
5.0,0.7439706136185699
5.0,-0.00020109995446967766
5.0,0.011346659845440683
5.0,0.8581696701621663
5.0,0.861685575918416
5.0,0.7639706136185699
5.0,0.019798900045530282
5.0,0.8781696701621665
5.0,0.8816855759184161
5.0,0.4257997630903181
5.0,0.8981696701621666
5.0,0.8843496880138467
5.0,0.9181696701621668
5.0,0.7781696701621658
5.0,0.7816855759184154
5.0,0.6839706136185696
5.0,-0.06758873472162152
5.0,-0.0502806735199975
5.0,-0.031542840468344574
5.0,-0.012276655104547058
5.0,0.007242024375
5.0,0.7981696701621659
5.0,0.8016855759184156
5.0,0.7039706136185697
5.0,-0.047588734721621555
5.0,-0.03028067351999754
5.0,-0.011542840468344617
5.0,0.007723344895452905
5.0,0.8181696701621661
5.0,0.8216855759184157
5.0,0.7239706136185698
5.0,-0.027588734721621596
5.0,-0.010280673519997577
5.0,0.008457159531655345
5.0,0.8381696701621661
5.0,0.8416855759184158
5.0,0.7439706136185699
5.0,-0.007588734721621634
5.0,0.009719326480002384
5.0,0.8581696701621663
5.0,0.861685575918416
5.0,0.7639706136185699
5.0,0.012411265278378327
5.0,0.8781696701621665
5.0,0.8816855759184161
5.0,0.4257997630903181
5.0,0.8981696701621666
5.0,0.8843496880138467
5.0,0.9181696701621668
5.0,0.7981696701621659
5.0,0.8016855759184156
5.0,0.7039706136185697
5.0,-0.04960248687431404
5.0,-0.031039369624153323
5.0,-0.011874742294182275
5.0,0.0075780975
5.0,0.8181696701621661
5.0,0.8216855759184157
5.0,0.7239706136185698
5.0,-0.029602486874314077
5.0,-0.011039369624153361
5.0,0.008125257705817686
5.0,0.8381696701621661
5.0,0.8416855759184158
5.0,0.7439706136185699
5.0,-0.009602486874314116
5.0,0.0089606303758466
5.0,0.8581696701621663
5.0,0.861685575918416
5.0,0.7639706136185699
5.0,0.010397513125685844
5.0,0.8781696701621665
5.0,0.8816855759184161
5.0,0.4257997630903181
5.0,0.8981696701621666
5.0,0.8843496880138467
5.0,0.9181696701621668
5.0,0.8181696701621661
5.0,0.8216855759184157
5.0,0.7239706136185698
5.0,-0.03054366571284733
5.0,-0.011479332001320102
5.0,0.007908219375
5.0,0.8381696701621661
5.0,0.8416855759184158
5.0,0.7439706136185699
5.0,-0.010543665712847369
5.0,0.008520667998679858
5.0,0.8581696701621663
5.0,0.861685575918416
5.0,0.7639706136185699
5.0,0.009456334287152592
5.0,0.8781696701621665
5.0,0.8816855759184161
5.0,0.4257997630903181
5.0,0.8981696701621666
5.0,0.8843496880138467
5.0,0.9181696701621668
5.0,0.8381696701621661
5.0,0.8416855759184158
5.0,0.7439706136185699
5.0,-0.011090421314034435
5.0,0.008232390000000001
5.0,0.8581696701621663
5.0,0.861685575918416
5.0,0.7639706136185699
5.0,0.008909578685965525
5.0,0.8781696701621665
5.0,0.8816855759184161
5.0,0.4257997630903181
5.0,0.8981696701621666
5.0,0.8843496880138467
5.0,0.9181696701621668
5.0,0.8581696701621663
5.0,0.861685575918416
5.0,0.7639706136185699
5.0,0.008550609375
5.0,0.8781696701621665
5.0,0.8816855759184161
5.0,0.4257997630903181
5.0,0.8981696701621666
5.0,0.8843496880138467
5.0,0.9181696701621668
5.0,0.8781696701621665
5.0,0.8816855759184161
5.0,0.4257997630903181
5.0,0.8981696701621666
5.0,0.8843496880138467
5.0,0.9181696701621668
5.0,0.8981696701621666
5.0,0.8843496880138467
5.0,0.9181696701621668
5.0,0.9181696701621668
5.0,0.7781696701621658
5.0,0.7816855759184154
5.0,0.6839706136185696
5.0,-0.06020109995446956
5.0,-0.0486533401545592
5.0,-0.030969468045005468
5.0,-0.012054092740930097
5.0,0.007314926640778642
5.0,0.7981696701621659
5.0,0.8016855759184156
5.0,0.7039706136185697
5.0,-0.0402010999544696
5.0,-0.02865334015455924
5.0,-0.010969468045005504
5.0,0.007945907259069865
5.0,0.8181696701621661
5.0,0.8216855759184157
5.0,0.7239706136185698
5.0,-0.02020109995446964
5.0,-0.008653340154559278
5.0,0.009030531954994456
5.0,0.8381696701621661
5.0,0.8416855759184158
5.0,0.7439706136185699
5.0,-0.00020109995446967766
5.0,0.011346659845440683
5.0,0.8581696701621663
5.0,0.861685575918416
5.0,0.7639706136185699
5.0,0.019798900045530282
5.0,0.8781696701621665
5.0,0.8816855759184161
5.0,0.4257997630903181
5.0,0.8981696701621666
5.0,0.8843496880138467
5.0,0.9181696701621668
5.0,0.7981696701621659
5.0,0.8016855759184156
5.0,0.7039706136185697
5.0,-0.047588734721621555
5.0,-0.03028067351999754
5.0,-0.011542840468344617
5.0,0.007723344895452905
5.0,0.8181696701621661
5.0,0.8216855759184157
5.0,0.7239706136185698
5.0,-0.027588734721621596
5.0,-0.010280673519997577
5.0,0.008457159531655345
5.0,0.8381696701621661
5.0,0.8416855759184158
5.0,0.7439706136185699
5.0,-0.007588734721621634
5.0,0.009719326480002384
5.0,0.8581696701621663
5.0,0.861685575918416
5.0,0.7639706136185699
5.0,0.012411265278378327
5.0,0.8781696701621665
5.0,0.8816855759184161
5.0,0.4257997630903181
5.0,0.8981696701621666
5.0,0.8843496880138467
5.0,0.9181696701621668
5.0,0.8181696701621661
5.0,0.8216855759184157
5.0,0.7239706136185698
5.0,-0.029602486874314077
5.0,-0.011039369624153361
5.0,0.008125257705817686
5.0,0.8381696701621661
5.0,0.8416855759184158
5.0,0.7439706136185699
5.0,-0.009602486874314116
5.0,0.0089606303758466
5.0,0.8581696701621663
5.0,0.861685575918416
5.0,0.7639706136185699
5.0,0.010397513125685844
5.0,0.8781696701621665
5.0,0.8816855759184161
5.0,0.4257997630903181
5.0,0.8981696701621666
5.0,0.8843496880138467
5.0,0.9181696701621668
5.0,0.8381696701621661
5.0,0.8416855759184158
5.0,0.7439706136185699
5.0,-0.010543665712847369
5.0,0.008520667998679858
5.0,0.8581696701621663
5.0,0.861685575918416
5.0,0.7639706136185699
5.0,0.009456334287152592
5.0,0.8781696701621665
5.0,0.8816855759184161
5.0,0.4257997630903181
5.0,0.8981696701621666
5.0,0.8843496880138467
5.0,0.9181696701621668
5.0,0.8581696701621663
5.0,0.861685575918416
5.0,0.7639706136185699
5.0,0.008909578685965525
5.0,0.8781696701621665
5.0,0.8816855759184161
5.0,0.4257997630903181
5.0,0.8981696701621666
5.0,0.8843496880138467
5.0,0.9181696701621668
5.0,0.8781696701621665
5.0,0.8816855759184161
5.0,0.4257997630903181
5.0,0.8981696701621666
5.0,0.8843496880138467
5.0,0.9181696701621668
5.0,0.8981696701621666
5.0,0.8843496880138467
5.0,0.9181696701621668
5.0,0.9181696701621668
5.0,0.7981696701621659
5.0,0.8016855759184156
5.0,0.7039706136185697
5.0,-0.0402010999544696
5.0,-0.02865334015455924
5.0,-0.010969468045005504
5.0,0.007945907259069865
5.0,0.8181696701621661
5.0,0.8216855759184157
5.0,0.7239706136185698
5.0,-0.02020109995446964
5.0,-0.008653340154559278
5.0,0.009030531954994456
5.0,0.8381696701621661
5.0,0.8416855759184158
5.0,0.7439706136185699
5.0,-0.00020109995446967766
5.0,0.011346659845440683
5.0,0.8581696701621663
5.0,0.861685575918416
5.0,0.7639706136185699
5.0,0.019798900045530282
5.0,0.8781696701621665
5.0,0.8816855759184161
5.0,0.4257997630903181
5.0,0.8981696701621666
5.0,0.8843496880138467
5.0,0.9181696701621668
5.0,0.8181696701621661
5.0,0.8216855759184157
5.0,0.7239706136185698
5.0,-0.027588734721621596
5.0,-0.010280673519997577
5.0,0.008457159531655345
5.0,0.8381696701621661
5.0,0.8416855759184158
5.0,0.7439706136185699
5.0,-0.007588734721621634
5.0,0.009719326480002384
5.0,0.8581696701621663
5.0,0.861685575918416
5.0,0.7639706136185699
5.0,0.012411265278378327
5.0,0.8781696701621665
5.0,0.8816855759184161
5.0,0.4257997630903181
5.0,0.8981696701621666
5.0,0.8843496880138467
5.0,0.9181696701621668
5.0,0.8381696701621661
5.0,0.8416855759184158
5.0,0.7439706136185699
5.0,-0.009602486874314116
5.0,0.0089606303758466
5.0,0.8581696701621663
5.0,0.861685575918416
5.0,0.7639706136185699
5.0,0.010397513125685844
5.0,0.8781696701621665
5.0,0.8816855759184161
5.0,0.4257997630903181
5.0,0.8981696701621666
5.0,0.8843496880138467
5.0,0.9181696701621668
5.0,0.8581696701621663
5.0,0.861685575918416
5.0,0.7639706136185699
5.0,0.009456334287152592
5.0,0.8781696701621665
5.0,0.8816855759184161
5.0,0.4257997630903181
5.0,0.8981696701621666
5.0,0.8843496880138467
5.0,0.9181696701621668
5.0,0.8781696701621665
5.0,0.8816855759184161
5.0,0.4257997630903181
5.0,0.8981696701621666
5.0,0.8843496880138467
5.0,0.9181696701621668
5.0,0.8981696701621666
5.0,0.8843496880138467
5.0,0.9181696701621668
5.0,0.9181696701621668
5.0,0.8181696701621661
5.0,0.8216855759184157
5.0,0.7239706136185698
5.0,-0.02020109995446964
5.0,-0.008653340154559278
5.0,0.009030531954994456
5.0,0.8381696701621661
5.0,0.8416855759184158
5.0,0.7439706136185699
5.0,-0.00020109995446967766
5.0,0.011346659845440683
5.0,0.8581696701621663
5.0,0.861685575918416
5.0,0.7639706136185699
5.0,0.019798900045530282
5.0,0.8781696701621665
5.0,0.8816855759184161
5.0,0.4257997630903181
5.0,0.8981696701621666
5.0,0.8843496880138467
5.0,0.9181696701621668
5.0,0.8381696701621661
5.0,0.8416855759184158
5.0,0.7439706136185699
5.0,-0.007588734721621634
5.0,0.009719326480002384
5.0,0.8581696701621663
5.0,0.861685575918416
5.0,0.7639706136185699
5.0,0.012411265278378327
5.0,0.8781696701621665
5.0,0.8816855759184161
5.0,0.4257997630903181
5.0,0.8981696701621666
5.0,0.8843496880138467
5.0,0.9181696701621668
5.0,0.8581696701621663
5.0,0.861685575918416
5.0,0.7639706136185699
5.0,0.010397513125685844
5.0,0.8781696701621665
5.0,0.8816855759184161
5.0,0.4257997630903181
5.0,0.8981696701621666
5.0,0.8843496880138467
5.0,0.9181696701621668
5.0,0.8781696701621665
5.0,0.8816855759184161
5.0,0.4257997630903181
5.0,0.8981696701621666
5.0,0.8843496880138467
5.0,0.9181696701621668
5.0,0.8981696701621666
5.0,0.8843496880138467
5.0,0.9181696701621668
5.0,0.9181696701621668
5.0,0.8381696701621661
5.0,0.8416855759184158
5.0,0.7439706136185699
5.0,-0.00020109995446967766
5.0,0.011346659845440683
5.0,0.8581696701621663
5.0,0.861685575918416
5.0,0.7639706136185699
5.0,0.019798900045530282
5.0,0.8781696701621665
5.0,0.8816855759184161
5.0,0.4257997630903181
5.0,0.8981696701621666
5.0,0.8843496880138467
5.0,0.9181696701621668
5.0,0.8581696701621663
5.0,0.861685575918416
5.0,0.7639706136185699
5.0,0.012411265278378327
5.0,0.8781696701621665
5.0,0.8816855759184161
5.0,0.4257997630903181
5.0,0.8981696701621666
5.0,0.8843496880138467
5.0,0.9181696701621668
5.0,0.8781696701621665
5.0,0.8816855759184161
5.0,0.4257997630903181
5.0,0.8981696701621666
5.0,0.8843496880138467
5.0,0.9181696701621668
5.0,0.8981696701621666
5.0,0.8843496880138467
5.0,0.9181696701621668
5.0,0.9181696701621668
5.0,0.8581696701621663
5.0,0.861685575918416
5.0,0.7639706136185699
5.0,0.019798900045530282
5.0,0.8781696701621665
5.0,0.8816855759184161
5.0,0.4257997630903181
5.0,0.8981696701621666
5.0,0.8843496880138467
5.0,0.9181696701621668
5.0,0.8781696701621665
5.0,0.8816855759184161
5.0,0.4257997630903181
5.0,0.8981696701621666
5.0,0.8843496880138467
5.0,0.9181696701621668
5.0,0.8981696701621666
5.0,0.8843496880138467
5.0,0.9181696701621668
5.0,0.9181696701621668
5.0,0.8781696701621665
5.0,0.8816855759184161
5.0,0.4257997630903181
5.0,0.8981696701621666
5.0,0.8843496880138467
5.0,0.9181696701621668
5.0,0.8981696701621666
5.0,0.8843496880138467
5.0,0.9181696701621668
5.0,0.9181696701621668
5.0,0.8981696701621666
5.0,0.8843496880138467
5.0,0.9181696701621668
5.0,0.9181696701621668
5.0,0.9181696701621668
50.0,0.8399999999999985
50.0,0.8599999999999988
50.0,0.8799999999999989
50.0,0.8999999999999991
50.0,0.9199999999999993
50.0,0.9399999999999994
50.0,0.9599999999999996
50.0,0.9799999999999998
50.0,0.06
50.0,0.8599999999999988
50.0,0.8799999999999989
50.0,0.8999999999999991
50.0,0.9199999999999993
50.0,0.9399999999999994
50.0,0.9599999999999996
50.0,0.9799999999999998
50.0,0.06285953409608667
50.0,0.8799999999999989
50.0,0.8999999999999991
50.0,0.9199999999999993
50.0,0.9399999999999994
50.0,0.9599999999999996
50.0,0.9799999999999998
50.0,0.06687782921992085
50.0,0.8999999999999991
50.0,0.9199999999999993
50.0,0.9399999999999994
50.0,0.9599999999999996
50.0,0.9799999999999998
50.0,0.07331906337393412
50.0,0.9199999999999993
50.0,0.9399999999999994
50.0,0.9599999999999996
50.0,0.9799999999999998
50.0,0.08593565243445098
50.0,0.9399999999999994
50.0,0.9599999999999996
50.0,0.9799999999999998
50.0,0.12419780238092583
50.0,0.9599999999999996
50.0,0.9799999999999998
50.0,0.654021085759264
50.0,0.9799999999999998
50.0,0.9934027572631832
50.0,1.0
50.0,0.8599999999999988
50.0,0.8799999999999989
50.0,0.8999999999999991
50.0,0.9199999999999993
50.0,0.9399999999999994
50.0,0.9599999999999996
50.0,0.9799999999999998
50.0,0.06234375
50.0,0.8799999999999989
50.0,0.8999999999999991
50.0,0.9199999999999993
50.0,0.9399999999999994
50.0,0.9599999999999996
50.0,0.9799999999999998
50.0,0.06537826161156801
50.0,0.8999999999999991
50.0,0.9199999999999993
50.0,0.9399999999999994
50.0,0.9599999999999996
50.0,0.9799999999999998
50.0,0.06971388024109355
50.0,0.9199999999999993
50.0,0.9399999999999994
50.0,0.9599999999999996
50.0,0.9799999999999998
50.0,0.07670738794865314
50.0,0.9399999999999994
50.0,0.9599999999999996
50.0,0.9799999999999998
50.0,0.09036818648847345
50.0,0.9599999999999996
50.0,0.9799999999999998
50.0,0.1311089108526063
50.0,0.9799999999999998
50.0,0.6621143924268501
50.0,1.0
50.0,0.8799999999999989
50.0,0.8999999999999991
50.0,0.9199999999999993
50.0,0.9399999999999994
50.0,0.9599999999999996
50.0,0.9799999999999998
50.0,0.064375
50.0,0.8999999999999991
50.0,0.9199999999999993
50.0,0.9399999999999994
50.0,0.9599999999999996
50.0,0.9799999999999998
50.0,0.0675572485394852
50.0,0.9199999999999993
50.0,0.9399999999999994
50.0,0.9599999999999996
50.0,0.9799999999999998
50.0,0.07215481172439062
50.0,0.9399999999999994
50.0,0.9599999999999996
50.0,0.9799999999999998
50.0,0.07959684156473495
50.0,0.9599999999999996
50.0,0.9799999999999998
50.0,0.09408521921583042
50.0,0.9799999999999998
50.0,0.13669032891974645
50.0,1.0
50.0,0.8999999999999991
50.0,0.9199999999999993
50.0,0.9399999999999994
50.0,0.9599999999999996
50.0,0.9799999999999998
50.0,0.06609375
50.0,0.9199999999999993
50.0,0.9399999999999994
50.0,0.9599999999999996
50.0,0.9799999999999998
50.0,0.06939751971667098
50.0,0.9399999999999994
50.0,0.9599999999999996
50.0,0.9799999999999998
50.0,0.07420542466872661
50.0,0.9599999999999996
50.0,0.9799999999999998
50.0,0.082001969424243
50.0,0.9799999999999998
50.0,0.0971297437922845
50.0,1.0
50.0,0.9199999999999993
50.0,0.9399999999999994
50.0,0.9599999999999996
50.0,0.9799999999999998
50.0,0.0675
50.0,0.9399999999999994
50.0,0.9599999999999996
50.0,0.9799999999999998
50.0,0.07090005893809109
50.0,0.9599999999999996
50.0,0.9799999999999998
50.0,0.07587029299360815
50.0,0.9799999999999998
50.0,0.0839364368504204
50.0,1.0
50.0,0.9399999999999994
50.0,0.9599999999999996
50.0,0.9799999999999998
50.0,0.06859375
50.0,0.9599999999999996
50.0,0.9799999999999998
50.0,0.0720658091241079
50.0,0.9799999999999998
50.0,0.07715414077486629
50.0,1.0
50.0,0.9599999999999996
50.0,0.9799999999999998
50.0,0.069375
50.0,0.9799999999999998
50.0,0.07289613730471707
50.0,1.0
50.0,0.9799999999999998
50.0,0.06984375
50.0,1.0
50.0,1.0
50.0,0.8599999999999988
50.0,0.8799999999999989
50.0,0.8999999999999991
50.0,0.9199999999999993
50.0,0.9399999999999994
50.0,0.9599999999999996
50.0,0.9799999999999998
50.0,0.06285953409608667
50.0,0.8799999999999989
50.0,0.8999999999999991
50.0,0.9199999999999993
50.0,0.9399999999999994
50.0,0.9599999999999996
50.0,0.9799999999999998
50.0,0.06687782921992085
50.0,0.8999999999999991
50.0,0.9199999999999993
50.0,0.9399999999999994
50.0,0.9599999999999996
50.0,0.9799999999999998
50.0,0.07331906337393412
50.0,0.9199999999999993
50.0,0.9399999999999994
50.0,0.9599999999999996
50.0,0.9799999999999998
50.0,0.08593565243445098
50.0,0.9399999999999994
50.0,0.9599999999999996
50.0,0.9799999999999998
50.0,0.12419780238092583
50.0,0.9599999999999996
50.0,0.9799999999999998
50.0,0.654021085759264
50.0,0.9799999999999998
50.0,0.9932655700683598
50.0,1.0
50.0,0.8799999999999989
50.0,0.8999999999999991
50.0,0.9199999999999993
50.0,0.9399999999999994
50.0,0.9599999999999996
50.0,0.9799999999999998
50.0,0.06537826161156801
50.0,0.8999999999999991
50.0,0.9199999999999993
50.0,0.9399999999999994
50.0,0.9599999999999996
50.0,0.9799999999999998
50.0,0.06971388024109355
50.0,0.9199999999999993
50.0,0.9399999999999994
50.0,0.9599999999999996
50.0,0.9799999999999998
50.0,0.07670738794865314
50.0,0.9399999999999994
50.0,0.9599999999999996
50.0,0.9799999999999998
50.0,0.09036818648847345
50.0,0.9599999999999996
50.0,0.9799999999999998
50.0,0.1311089108526063
50.0,0.9799999999999998
50.0,0.6615146524777453
50.0,1.0
50.0,0.8999999999999991
50.0,0.9199999999999993
50.0,0.9399999999999994
50.0,0.9599999999999996
50.0,0.9799999999999998
50.0,0.0675572485394852
50.0,0.9199999999999993
50.0,0.9399999999999994
50.0,0.9599999999999996
50.0,0.9799999999999998
50.0,0.07215481172439062
50.0,0.9399999999999994
50.0,0.9599999999999996
50.0,0.9799999999999998
50.0,0.07959684156473495
50.0,0.9599999999999996
50.0,0.9799999999999998
50.0,0.09408521921583042
50.0,0.9799999999999998
50.0,0.1361759053331829
50.0,1.0
50.0,0.9199999999999993
50.0,0.9399999999999994
50.0,0.9599999999999996
50.0,0.9799999999999998
50.0,0.06939751971667098
50.0,0.9399999999999994
50.0,0.9599999999999996
50.0,0.9799999999999998
50.0,0.07420542466872661
50.0,0.9599999999999996
50.0,0.9799999999999998
50.0,0.082001969424243
50.0,0.9799999999999998
50.0,0.09679800601748545
50.0,1.0
50.0,0.9399999999999994
50.0,0.9599999999999996
50.0,0.9799999999999998
50.0,0.07090005893809109
50.0,0.9599999999999996
50.0,0.9799999999999998
50.0,0.07587029299360815
50.0,0.9799999999999998
50.0,0.08368131099099546
50.0,1.0
50.0,0.9599999999999996
50.0,0.9799999999999998
50.0,0.0720658091241079
50.0,0.9799999999999998
50.0,0.07693906743340787
50.0,1.0
50.0,0.9799999999999998
50.0,0.07270371876406487
50.0,1.0
50.0,1.0
50.0,0.8799999999999989
50.0,0.8999999999999991
50.0,0.9199999999999993
50.0,0.9399999999999994
50.0,0.9599999999999996
50.0,0.9799999999999998
50.0,0.06687782921992085
50.0,0.8999999999999991
50.0,0.9199999999999993
50.0,0.9399999999999994
50.0,0.9599999999999996
50.0,0.9799999999999998
50.0,0.07331906337393412
50.0,0.9199999999999993
50.0,0.9399999999999994
50.0,0.9599999999999996
50.0,0.9799999999999998
50.0,0.08593565243445098
50.0,0.9399999999999994
50.0,0.9599999999999996
50.0,0.9799999999999998
50.0,0.12419780238092583
50.0,0.9599999999999996
50.0,0.9799999999999998
50.0,0.654021085759264
50.0,0.9799999999999998
50.0,0.9930492782592774
50.0,1.0
50.0,0.8999999999999991
50.0,0.9199999999999993
50.0,0.9399999999999994
50.0,0.9599999999999996
50.0,0.9799999999999998
50.0,0.06971388024109355
50.0,0.9199999999999993
50.0,0.9399999999999994
50.0,0.9599999999999996
50.0,0.9799999999999998
50.0,0.07670738794865314
50.0,0.9399999999999994
50.0,0.9599999999999996
50.0,0.9799999999999998
50.0,0.09036818648847345
50.0,0.9599999999999996
50.0,0.9799999999999998
50.0,0.1311089108526063
50.0,0.9799999999999998
50.0,0.660900355966056
50.0,1.0
50.0,0.9199999999999993
50.0,0.9399999999999994
50.0,0.9599999999999996
50.0,0.9799999999999998
50.0,0.07215481172439062
50.0,0.9399999999999994
50.0,0.9599999999999996
50.0,0.9799999999999998
50.0,0.07959684156473495
50.0,0.9599999999999996
50.0,0.9799999999999998
50.0,0.09408521921583042
50.0,0.9799999999999998
50.0,0.13565389540794398
50.0,1.0
50.0,0.9399999999999994
50.0,0.9599999999999996
50.0,0.9799999999999998
50.0,0.07420542466872661
50.0,0.9599999999999996
50.0,0.9799999999999998
50.0,0.082001969424243
50.0,0.9799999999999998
50.0,0.09646238227625167
50.0,1.0
50.0,0.9599999999999996
50.0,0.9799999999999998
50.0,0.07587029299360815
50.0,0.9799999999999998
50.0,0.0834234564400263
50.0,1.0
50.0,0.9799999999999998
50.0,0.07672192886070908
50.0,1.0
50.0,1.0
50.0,0.8999999999999991
50.0,0.9199999999999993
50.0,0.9399999999999994
50.0,0.9599999999999996
50.0,0.9799999999999998
50.0,0.07331906337393412
50.0,0.9199999999999993
50.0,0.9399999999999994
50.0,0.9599999999999996
50.0,0.9799999999999998
50.0,0.08593565243445098
50.0,0.9399999999999994
50.0,0.9599999999999996
50.0,0.9799999999999998
50.0,0.12419780238092583
50.0,0.9599999999999996
50.0,0.9799999999999998
50.0,0.654021085759264
50.0,0.9799999999999998
50.0,0.9927538818359378
50.0,1.0
50.0,0.9199999999999993
50.0,0.9399999999999994
50.0,0.9599999999999996
50.0,0.9799999999999998
50.0,0.07670738794865314
50.0,0.9399999999999994
50.0,0.9599999999999996
50.0,0.9799999999999998
50.0,0.09036818648847345
50.0,0.9599999999999996
50.0,0.9799999999999998
50.0,0.1311089108526063
50.0,0.9799999999999998
50.0,0.6602711713321894
50.0,1.0
50.0,0.9399999999999994
50.0,0.9599999999999996
50.0,0.9799999999999998
50.0,0.07959684156473495
50.0,0.9599999999999996
50.0,0.9799999999999998
50.0,0.09408521921583042
50.0,0.9799999999999998
50.0,0.13512421834481053
50.0,1.0
50.0,0.9599999999999996
50.0,0.9799999999999998
50.0,0.082001969424243
50.0,0.9799999999999998
50.0,0.0961228541437403
50.0,1.0
50.0,0.9799999999999998
50.0,0.08316295079267534
50.0,1.0
50.0,1.0
50.0,0.9199999999999993
50.0,0.9399999999999994
50.0,0.9599999999999996
50.0,0.9799999999999998
50.0,0.08593565243445098
50.0,0.9399999999999994
50.0,0.9599999999999996
50.0,0.9799999999999998
50.0,0.12419780238092583
50.0,0.9599999999999996
50.0,0.9799999999999998
50.0,0.654021085759264
50.0,0.9799999999999998
50.0,0.9923793807983395
50.0,1.0
50.0,0.9399999999999994
50.0,0.9599999999999996
50.0,0.9799999999999998
50.0,0.09036818648847345
50.0,0.9599999999999996
50.0,0.9799999999999998
50.0,0.1311089108526063
50.0,0.9799999999999998
50.0,0.6596267554668831
50.0,1.0
50.0,0.9599999999999996
50.0,0.9799999999999998
50.0,0.09408521921583042
50.0,0.9799999999999998
50.0,0.13458679200440304
50.0,1.0
50.0,0.9799999999999998
50.0,0.09577940304640327
50.0,1.0
50.0,1.0
50.0,0.9399999999999994
50.0,0.9599999999999996
50.0,0.9799999999999998
50.0,0.12419780238092583
50.0,0.9599999999999996
50.0,0.9799999999999998
50.0,0.654021085759264
50.0,0.9799999999999998
50.0,0.9919257751464841
50.0,1.0
50.0,0.9599999999999996
50.0,0.9799999999999998
50.0,0.1311089108526063
50.0,0.9799999999999998
50.0,0.6589667531692706
50.0,1.0
50.0,0.9799999999999998
50.0,0.13404153287771328
50.0,1.0
50.0,1.0
50.0,0.9599999999999996
50.0,0.9799999999999998
50.0,0.654021085759264
50.0,0.9799999999999998
50.0,0.9913930648803714
50.0,1.0
50.0,0.9799999999999998
50.0,0.6582907965727761
50.0,1.0
50.0,1.0
50.0,0.9799999999999998
50.0,0.99078125
50.0,1.0
50.0,1.0
50.0,1.0
95.0,0.8399999999999985
95.0,0.8599999999999988
95.0,0.8799999999999989
95.0,0.8999999999999991
95.0,0.9199999999999993
95.0,0.9399999999999994
95.0,0.9599999999999996
95.0,0.9799999999999998
95.0,0.0969
95.0,0.7362499999999987
95.0,0.7562499999999989
95.0,0.7762499999999991
95.0,0.7962499999999993
95.0,0.8162499999999995
95.0,0.8362499999999996
95.0,0.8562499999999997
95.0,0.09975953409608666
95.0,0.6374999999999988
95.0,0.6574999999999991
95.0,0.6774999999999993
95.0,0.6974999999999995
95.0,0.7174999999999997
95.0,0.7374999999999998
95.0,0.10377782921992085
95.0,0.5737499999999991
95.0,0.5937499999999993
95.0,0.6137499999999995
95.0,0.6337499999999997
95.0,0.6537499999999997
95.0,0.11021906337393413
95.0,0.5249999999999994
95.0,0.5449999999999995
95.0,0.5649999999999996
95.0,0.5849999999999997
95.0,0.12283565243445098
95.0,0.6274999999999994
95.0,0.6474999999999996
95.0,0.6674999999999998
95.0,0.16109780238092586
95.0,0.5849999999999996
95.0,0.6049999999999998
95.0,0.6909210857592638
95.0,0.5424999999999998
95.0,1.030302757263183
95.0,1.0073000000000008
95.0,0.8599999999999988
95.0,0.8799999999999989
95.0,0.8999999999999991
95.0,0.9199999999999993
95.0,0.9399999999999994
95.0,0.9599999999999996
95.0,0.9799999999999998
95.0,0.09924375
95.0,0.7562499999999989
95.0,0.7762499999999991
95.0,0.7962499999999993
95.0,0.8162499999999995
95.0,0.8362499999999996
95.0,0.8562499999999997
95.0,0.10227826161156801
95.0,0.6574999999999991
95.0,0.6774999999999993
95.0,0.6974999999999995
95.0,0.7174999999999997
95.0,0.7374999999999998
95.0,0.1066138802410935
95.0,0.5937499999999993
95.0,0.6137499999999995
95.0,0.6337499999999997
95.0,0.6537499999999997
95.0,0.11360738794865322
95.0,0.5449999999999995
95.0,0.5649999999999996
95.0,0.5849999999999997
95.0,0.12726818648847343
95.0,0.6474999999999996
95.0,0.6674999999999998
95.0,0.1680089108526063
95.0,0.6049999999999998
95.0,0.6990143924268502
95.0,1.0331750000000002
95.0,0.8799999999999989
95.0,0.8999999999999991
95.0,0.9199999999999993
95.0,0.9399999999999994
95.0,0.9599999999999996
95.0,0.9799999999999998
95.0,0.101275
95.0,0.7762499999999991
95.0,0.7962499999999993
95.0,0.8162499999999995
95.0,0.8362499999999996
95.0,0.8562499999999997
95.0,0.10445724853948521
95.0,0.6774999999999993
95.0,0.6974999999999995
95.0,0.7174999999999997
95.0,0.7374999999999998
95.0,0.10905481172439058
95.0,0.6137499999999995
95.0,0.6337499999999997
95.0,0.6537499999999997
95.0,0.11649684156473498
95.0,0.5649999999999996
95.0,0.5849999999999997
95.0,0.13098521921583042
95.0,0.6674999999999998
95.0,0.17359032891974643
95.0,0.7047533378068357
95.0,0.8999999999999991
95.0,0.9199999999999993
95.0,0.9399999999999994
95.0,0.9599999999999996
95.0,0.9799999999999998
95.0,0.10299375000000001
95.0,0.7962499999999993
95.0,0.8162499999999995
95.0,0.8362499999999996
95.0,0.8562499999999997
95.0,0.106297519716671
95.0,0.6974999999999995
95.0,0.7174999999999997
95.0,0.7374999999999998
95.0,0.11110542466872661
95.0,0.6337499999999997
95.0,0.6537499999999997
95.0,0.11890196942424301
95.0,0.5849999999999997
95.0,0.1340297437922845
95.0,0.17800888936314183
95.0,0.9199999999999993
95.0,0.9399999999999994
95.0,0.9599999999999996
95.0,0.9799999999999998
95.0,0.1044
95.0,0.8162499999999995
95.0,0.8362499999999996
95.0,0.8562499999999997
95.0,0.10780005893809108
95.0,0.7174999999999997
95.0,0.7374999999999998
95.0,0.11277029299360815
95.0,0.6537499999999997
95.0,0.12083643685042042
95.0,0.13644037899156722
95.0,0.9399999999999994
95.0,0.9599999999999996
95.0,0.9799999999999998
95.0,0.10549375000000001
95.0,0.8362499999999996
95.0,0.8562499999999997
95.0,0.10896580912410789
95.0,0.7374999999999998
95.0,0.1140541407748663
95.0,0.12231277012310332
95.0,0.9599999999999996
95.0,0.9799999999999998
95.0,0.10627500000000001
95.0,0.8562499999999997
95.0,0.10979613730471706
95.0,0.11495998082629165
95.0,0.9799999999999998
95.0,0.10674375000000001
95.0,0.11029050942020432
95.0,0.10690000000000001
95.0,0.8599999999999988
95.0,0.8799999999999989
95.0,0.8999999999999991
95.0,0.9199999999999993
95.0,0.9399999999999994
95.0,0.9599999999999996
95.0,0.9799999999999998
95.0,0.09975953409608666
95.0,0.7562499999999989
95.0,0.7762499999999991
95.0,0.7962499999999993
95.0,0.8162499999999995
95.0,0.8362499999999996
95.0,0.8562499999999997
95.0,0.10377782921992085
95.0,0.6574999999999991
95.0,0.6774999999999993
95.0,0.6974999999999995
95.0,0.7174999999999997
95.0,0.7374999999999998
95.0,0.11021906337393413
95.0,0.5937499999999993
95.0,0.6137499999999995
95.0,0.6337499999999997
95.0,0.6537499999999997
95.0,0.12283565243445098
95.0,0.5449999999999995
95.0,0.5649999999999996
95.0,0.5849999999999997
95.0,0.16109780238092586
95.0,0.6474999999999996
95.0,0.6674999999999998
95.0,0.6909210857592638
95.0,0.6049999999999998
95.0,1.03016557006836
95.0,1.0131437500000005
95.0,0.8799999999999989
95.0,0.8999999999999991
95.0,0.9199999999999993
95.0,0.9399999999999994
95.0,0.9599999999999996
95.0,0.9799999999999998
95.0,0.10227826161156801
95.0,0.7762499999999991
95.0,0.7962499999999993
95.0,0.8162499999999995
95.0,0.8362499999999996
95.0,0.8562499999999997
95.0,0.1066138802410935
95.0,0.6774999999999993
95.0,0.6974999999999995
95.0,0.7174999999999997
95.0,0.7374999999999998
95.0,0.11360738794865322
95.0,0.6137499999999995
95.0,0.6337499999999997
95.0,0.6537499999999997
95.0,0.12726818648847343
95.0,0.5649999999999996
95.0,0.5849999999999997
95.0,0.1680089108526063
95.0,0.6674999999999998
95.0,0.6984146524777455
95.0,1.03534375
95.0,0.8999999999999991
95.0,0.9199999999999993
95.0,0.9399999999999994
95.0,0.9599999999999996
95.0,0.9799999999999998
95.0,0.10445724853948521
95.0,0.7962499999999993
95.0,0.8162499999999995
95.0,0.8362499999999996
95.0,0.8562499999999997
95.0,0.10905481172439058
95.0,0.6974999999999995
95.0,0.7174999999999997
95.0,0.7374999999999998
95.0,0.11649684156473498
95.0,0.6337499999999997
95.0,0.6537499999999997
95.0,0.13098521921583042
95.0,0.5849999999999997
95.0,0.17307590533318293
95.0,0.7028388185991022
95.0,0.9199999999999993
95.0,0.9399999999999994
95.0,0.9599999999999996
95.0,0.9799999999999998
95.0,0.106297519716671
95.0,0.8162499999999995
95.0,0.8362499999999996
95.0,0.8562499999999997
95.0,0.11110542466872661
95.0,0.7174999999999997
95.0,0.7374999999999998
95.0,0.11890196942424301
95.0,0.6537499999999997
95.0,0.1336980060174854
95.0,0.17673902215265122
95.0,0.9399999999999994
95.0,0.9599999999999996
95.0,0.9799999999999998
95.0,0.10780005893809108
95.0,0.8362499999999996
95.0,0.8562499999999997
95.0,0.11277029299360815
95.0,0.7374999999999998
95.0,0.12058131099099549
95.0,0.1355836007723037
95.0,0.9599999999999996
95.0,0.9799999999999998
95.0,0.10896580912410789
95.0,0.8562499999999997
95.0,0.11383906743340788
95.0,0.1216352295187969
95.0,0.9799999999999998
95.0,0.10960371876406487
95.0,0.11437688718694403
95.0,0.10975953409604654
95.0,0.8799999999999989
95.0,0.8999999999999991
95.0,0.9199999999999993
95.0,0.9399999999999994
95.0,0.9599999999999996
95.0,0.9799999999999998
95.0,0.10377782921992085
95.0,0.7762499999999991
95.0,0.7962499999999993
95.0,0.8162499999999995
95.0,0.8362499999999996
95.0,0.8562499999999997
95.0,0.11021906337393413
95.0,0.6774999999999993
95.0,0.6974999999999995
95.0,0.7174999999999997
95.0,0.7374999999999998
95.0,0.12283565243445098
95.0,0.6137499999999995
95.0,0.6337499999999997
95.0,0.6537499999999997
95.0,0.16109780238092586
95.0,0.5649999999999996
95.0,0.5849999999999997
95.0,0.6909210857592638
95.0,0.6674999999999998
95.0,1.0299492782592772
95.0,1.0183749999999996
95.0,0.8999999999999991
95.0,0.9199999999999993
95.0,0.9399999999999994
95.0,0.9599999999999996
95.0,0.9799999999999998
95.0,0.1066138802410935
95.0,0.7962499999999993
95.0,0.8162499999999995
95.0,0.8362499999999996
95.0,0.8562499999999997
95.0,0.11360738794865322
95.0,0.6974999999999995
95.0,0.7174999999999997
95.0,0.7374999999999998
95.0,0.12726818648847343
95.0,0.6337499999999997
95.0,0.6537499999999997
95.0,0.1680089108526063
95.0,0.5849999999999997
95.0,0.6978003559660559
95.0,1.0369000000000002
95.0,0.9199999999999993
95.0,0.9399999999999994
95.0,0.9599999999999996
95.0,0.9799999999999998
95.0,0.10905481172439058
95.0,0.8162499999999995
95.0,0.8362499999999996
95.0,0.8562499999999997
95.0,0.11649684156473498
95.0,0.7174999999999997
95.0,0.7374999999999998
95.0,0.13098521921583042
95.0,0.6537499999999997
95.0,0.172553895407944
95.0,0.7012274211132943
95.0,0.9399999999999994
95.0,0.9599999999999996
95.0,0.9799999999999998
95.0,0.11110542466872661
95.0,0.8362499999999996
95.0,0.8562499999999997
95.0,0.11890196942424301
95.0,0.7374999999999998
95.0,0.1333623822762517
95.0,0.17541458866364368
95.0,0.9599999999999996
95.0,0.9799999999999998
95.0,0.11277029299360815
95.0,0.8562499999999997
95.0,0.12032345644002629
95.0,0.13469747710540717
95.0,0.9799999999999998
95.0,0.11362192886070908
95.0,0.12093736925731301
95.0,0.11377782921970259
95.0,0.8999999999999991
95.0,0.9199999999999993
95.0,0.9399999999999994
95.0,0.9599999999999996
95.0,0.9799999999999998
95.0,0.11021906337393413
95.0,0.7962499999999993
95.0,0.8162499999999995
95.0,0.8362499999999996
95.0,0.8562499999999997
95.0,0.12283565243445098
95.0,0.6974999999999995
95.0,0.7174999999999997
95.0,0.7374999999999998
95.0,0.16109780238092586
95.0,0.6337499999999997
95.0,0.6537499999999997
95.0,0.6909210857592638
95.0,0.5849999999999997
95.0,1.029653881835938
95.0,1.02299375
95.0,0.9199999999999993
95.0,0.9399999999999994
95.0,0.9599999999999996
95.0,0.9799999999999998
95.0,0.11360738794865322
95.0,0.8162499999999995
95.0,0.8362499999999996
95.0,0.8562499999999997
95.0,0.12726818648847343
95.0,0.7174999999999997
95.0,0.7374999999999998
95.0,0.1680089108526063
95.0,0.6537499999999997
95.0,0.6971711713321894
95.0,1.0361017283648142
95.0,0.9399999999999994
95.0,0.9599999999999996
95.0,0.9799999999999998
95.0,0.11649684156473498
95.0,0.8362499999999996
95.0,0.8562499999999997
95.0,0.13098521921583042
95.0,0.7374999999999998
95.0,0.17202421834481055
95.0,0.6999995273127303
95.0,0.9599999999999996
95.0,0.9799999999999998
95.0,0.11890196942424301
95.0,0.8562499999999997
95.0,0.1330228541437403
95.0,0.17403401442386532
95.0,0.9799999999999998
95.0,0.12006295079267537
95.0,0.13378162489374504
95.0,0.12021906337256577
95.0,0.9199999999999993
95.0,0.9399999999999994
95.0,0.9599999999999996
95.0,0.9799999999999998
95.0,0.12283565243445098
95.0,0.8162499999999995
95.0,0.8362499999999996
95.0,0.8562499999999997
95.0,0.16109780238092586
95.0,0.7174999999999997
95.0,0.7374999999999998
95.0,0.6909210857592638
95.0,0.6537499999999997
95.0,1.0292793807983394
95.0,1.0269999999999997
95.0,0.9399999999999994
95.0,0.9599999999999996
95.0,0.9799999999999998
95.0,0.12726818648847343
95.0,0.8362499999999996
95.0,0.8562499999999997
95.0,0.1680089108526063
95.0,0.7374999999999998
95.0,0.6965267554668829
95.0,1.0354035856217623
95.0,0.9599999999999996
95.0,0.9799999999999998
95.0,0.13098521921583042
95.0,0.8562499999999997
95.0,0.17148679200440303
95.0,0.6989116537448522
95.0,0.9799999999999998
95.0,0.13267940304640327
95.0,0.17259565324890835
95.0,0.13283565243165768
95.0,0.9399999999999994
95.0,0.9599999999999996
95.0,0.9799999999999998
95.0,0.16109780238092586
95.0,0.8362499999999996
95.0,0.8562499999999997
95.0,0.6909210857592638
95.0,0.7374999999999998
95.0,1.028825775146484
95.0,1.0303937500000002
95.0,0.9599999999999996
95.0,0.9799999999999998
95.0,0.1680089108526063
95.0,0.8562499999999997
95.0,0.6958667531692704
95.0,1.0351382994720433
95.0,0.9799999999999998
95.0,0.17094153287771333
95.0,0.6971886386606646
95.0,0.17109778287771332
95.0,0.9599999999999996
95.0,0.9799999999999998
95.0,0.6909210857592638
95.0,0.8562499999999997
95.0,1.0282930648803716
95.0,1.0331750000000002
95.0,0.9799999999999998
95.0,0.695190796572776
95.0,1.035358810196413
95.0,0.6953470465727761
95.0,0.9799999999999998
95.0,1.0276812499999999
95.0,1.0353437499999996
95.0,1.0365875
95.0,1.0369000000000002
